epoch,time,train/box_loss,train/cls_loss,train/dfl_loss,metrics/precision(B),metrics/recall(B),metrics/mAP50(B),metrics/mAP50-95(B),val/box_loss,val/cls_loss,val/dfl_loss,lr/pg0,lr/pg1,lr/pg2,stage,cumulative_epoch
1,789.415,3.04897,5.57376,3.90676,0.34732,0.02783,0.00452,0.00131,2.62834,6.95068,3.45508,0.0700632,0.00332632,0.00332632,1,1
2,1563.8,2.0718,4.25039,2.70152,0.63602,0.06818,0.03135,0.01502,1.80334,3.32646,2.53652,0.0399313,0.00652779,0.00652779,1,2
3,2334.66,1.68584,3.69405,2.19296,0.66799,0.08261,0.05742,0.03022,1.66087,3.21312,2.31127,0.00966744,0.00959726,0.00959726,1,3
4,3104.42,1.58186,3.32508,2.03508,0.57319,0.10752,0.08076,0.04218,1.58268,2.8069,2.25372,0.009406,0.009406,0.009406,1,4
5,3874.33,1.51391,3.01001,1.93352,0.54673,0.15321,0.11896,0.06538,1.50702,2.49937,2.08193,0.009208,0.009208,0.009208,1,5
6,4643.7,1.47712,2.78966,1.87803,0.51651,0.17511,0.12929,0.07157,1.49496,2.55736,2.06881,0.00901,0.00901,0.00901,1,6
7,5412.57,1.44914,2.62344,1.84796,0.50369,0.22374,0.17959,0.10345,1.45965,2.16683,2.02129,0.008812,0.008812,0.008812,1,7
8,6182.35,1.41766,2.50043,1.81272,0.43211,0.24186,0.21412,0.12048,1.47173,2.07863,2.02332,0.008614,0.008614,0.008614,1,8
9,6952.18,1.41021,2.40231,1.79067,0.46746,0.28708,0.25962,0.14909,1.41404,1.92146,1.94912,0.008416,0.008416,0.008416,1,9
10,7722.51,1.39528,2.30016,1.7605,0.458,0.32844,0.26333,0.15631,1.38375,1.90075,1.94459,0.008218,0.008218,0.008218,1,10
11,8492.38,1.38225,2.21825,1.74535,0.50314,0.29183,0.29432,0.17537,1.37131,1.80683,1.90852,0.00802,0.00802,0.00802,1,11
12,9262.41,1.34851,2.14253,1.72441,0.4432,0.34683,0.30433,0.18312,1.35783,1.73431,1.90494,0.007822,0.007822,0.007822,1,12
13,10031.7,1.34416,2.07619,1.71301,0.47825,0.35417,0.32492,0.19791,1.35323,1.67814,1.89415,0.007624,0.007624,0.007624,1,13
14,10800.6,1.34072,2.01751,1.69481,0.45261,0.37888,0.35139,0.21507,1.33602,1.61842,1.87351,0.007426,0.007426,0.007426,1,14
15,11569.9,1.33191,1.97656,1.6913,0.44975,0.41846,0.38072,0.23248,1.32531,1.54391,1.85595,0.007228,0.007228,0.007228,1,15
16,12339.9,1.32416,1.96285,1.68599,0.44736,0.41678,0.37591,0.231,1.30808,1.51437,1.83974,0.00703,0.00703,0.00703,1,16
17,13110.1,1.30609,1.88702,1.66677,0.44748,0.42245,0.38227,0.23495,1.33281,1.4954,1.87775,0.006832,0.006832,0.006832,1,17
18,13880.4,1.30575,1.8361,1.66608,0.42948,0.46772,0.40951,0.25669,1.29521,1.45286,1.83279,0.006634,0.006634,0.006634,1,18
19,14650.7,1.29189,1.81369,1.65565,0.4683,0.45447,0.41731,0.26059,1.30574,1.43292,1.83749,0.006436,0.006436,0.006436,1,19
20,15421.1,1.2902,1.79489,1.65696,0.4348,0.47897,0.44072,0.27344,1.29142,1.37988,1.82664,0.006238,0.006238,0.006238,1,20
21,16190.9,1.27465,1.75529,1.63432,0.43716,0.48211,0.43954,0.27549,1.29836,1.35162,1.82739,0.00604,0.00604,0.00604,1,21
22,16961.7,1.26616,1.6971,1.62727,0.46465,0.50418,0.45121,0.28403,1.27854,1.32402,1.80935,0.005842,0.005842,0.005842,1,22
23,17732.1,1.26359,1.67683,1.62502,0.46977,0.47828,0.45842,0.29043,1.27176,1.31308,1.81052,0.005644,0.005644,0.005644,1,23
24,18502.9,1.25196,1.66115,1.61565,0.44906,0.52319,0.47424,0.29964,1.27184,1.28358,1.79936,0.005446,0.005446,0.005446,1,24
25,19273.9,1.25553,1.62606,1.62234,0.48267,0.49486,0.48212,0.3069,1.26397,1.25364,1.79318,0.005248,0.005248,0.005248,1,25
26,20044.2,1.23829,1.61483,1.61104,0.50596,0.49923,0.48903,0.30986,1.26659,1.24318,1.80044,0.00505,0.00505,0.00505,1,26
27,20815.2,1.24152,1.58786,1.6041,0.48447,0.52789,0.50426,0.32036,1.27634,1.2283,1.81329,0.004852,0.004852,0.004852,1,27
28,21585.6,1.21699,1.52473,1.58382,0.47322,0.53005,0.50195,0.32051,1.27009,1.2056,1.80463,0.004654,0.004654,0.004654,1,28
29,22356.5,1.2236,1.52693,1.59651,0.47179,0.53577,0.50625,0.32227,1.26252,1.197,1.79673,0.004456,0.004456,0.004456,1,29
30,23127.1,1.21532,1.4948,1.58719,0.5265,0.52551,0.51752,0.33153,1.25908,1.18435,1.79955,0.004258,0.004258,0.004258,1,30
31,23897.7,1.19826,1.45113,1.57358,0.4996,0.56718,0.52499,0.33389,1.26096,1.17085,1.79694,0.00406,0.00406,0.00406,1,31
32,24669.3,1.20762,1.44921,1.57662,0.51949,0.56057,0.53555,0.33954,1.25649,1.16542,1.79149,0.003862,0.003862,0.003862,1,32
33,25440.0,1.18625,1.42134,1.56291,0.51041,0.55196,0.53207,0.34059,1.26291,1.14969,1.79691,0.003664,0.003664,0.003664,1,33
34,26209.8,1.18629,1.40957,1.5604,0.5066,0.55979,0.53737,0.34535,1.25474,1.14465,1.78682,0.003466,0.003466,0.003466,1,34
35,26979.9,1.16632,1.37165,1.55051,0.50476,0.55783,0.53035,0.33763,1.26349,1.14056,1.79779,0.003268,0.003268,0.003268,1,35
36,27750.1,1.16583,1.34808,1.54501,0.51451,0.54342,0.53838,0.34393,1.26276,1.12476,1.79891,0.00307,0.00307,0.00307,1,36
37,28520.6,1.16669,1.34744,1.54359,0.55062,0.54086,0.54498,0.34911,1.25488,1.12837,1.7933,0.002872,0.002872,0.002872,1,37
38,29291.2,1.14704,1.30834,1.52691,0.5127,0.53528,0.53881,0.34685,1.25838,1.12498,1.79867,0.002674,0.002674,0.002674,1,38
39,30061.2,1.13669,1.28968,1.52233,0.6088,0.51534,0.54827,0.35008,1.25969,1.12061,1.79967,0.002476,0.002476,0.002476,1,39
40,30830.8,1.13684,1.28517,1.52473,0.54395,0.54881,0.54807,0.35129,1.25861,1.11484,1.80175,0.002278,0.002278,0.002278,1,40
41,31599.9,1.06503,0.9501,1.58874,0.5528,0.54236,0.55498,0.35653,1.25649,1.10817,1.80028,0.00208,0.00208,0.00208,1,41
42,32367.8,1.03453,0.89335,1.56217,0.55992,0.5464,0.55541,0.35641,1.2604,1.11441,1.80909,0.001882,0.001882,0.001882,1,42
43,33135.3,1.02178,0.87215,1.55265,0.57157,0.55128,0.55462,0.35642,1.26363,1.11744,1.81264,0.001684,0.001684,0.001684,1,43
44,33902.1,1.00023,0.84934,1.53224,0.55536,0.54854,0.55413,0.35467,1.26674,1.11772,1.81796,0.001486,0.001486,0.001486,1,44
45,34670.3,0.98357,0.82499,1.5223,0.57257,0.53789,0.55614,0.35649,1.26955,1.12185,1.82664,0.001288,0.001288,0.001288,1,45
46,35439.8,0.95048,0.78533,1.49018,0.56639,0.52986,0.55511,0.35532,1.2719,1.12194,1.83526,0.00109,0.00109,0.00109,1,46
47,36207.5,0.94298,0.7684,1.47625,0.54853,0.53694,0.55596,0.35405,1.27615,1.12807,1.84225,0.000892,0.000892,0.000892,1,47
48,36976.8,0.93557,0.75043,1.47383,0.52506,0.5629,0.55433,0.35354,1.27996,1.13593,1.8514,0.000694,0.000694,0.000694,1,48
49,37745.2,0.91433,0.74155,1.45934,0.52852,0.56416,0.55454,0.35226,1.28385,1.14381,1.85953,0.000496,0.000496,0.000496,1,49
50,38512.4,0.90574,0.71433,1.44441,0.52774,0.56803,0.55282,0.35115,1.28764,1.14975,1.86539,0.000298,0.000298,0.000298,1,50
1,843.328,1.09795,1.21767,1.49706,0.51925,0.5438,0.53263,0.33651,1.29597,1.19214,1.85579,0.0687326,0.00199579,0.00199579,2,51
2,1673.42,1.11229,1.22342,1.50845,0.55725,0.5235,0.52741,0.33174,1.31433,1.21024,1.87013,0.0373202,0.00391667,0.00391667,2,52
3,2497.92,1.14183,1.28397,1.53,0.5264,0.50352,0.50349,0.31373,1.32523,1.26891,1.87733,0.00582853,0.00575836,0.00575836,2,53
4,3320.76,1.16753,1.34983,1.54214,0.46492,0.52164,0.47978,0.3019,1.32486,1.30485,1.86998,0.0056436,0.0056436,0.0056436,2,54
5,4144.52,1.1657,1.35603,1.54412,0.50175,0.50008,0.49088,0.31092,1.31675,1.30012,1.85816,0.0055248,0.0055248,0.0055248,2,55
6,4967.88,1.16869,1.35035,1.54683,0.51621,0.4855,0.48761,0.30015,1.31854,1.30936,1.86151,0.005406,0.005406,0.005406,2,56
7,5791.44,1.16952,1.33725,1.54375,0.47692,0.52577,0.4932,0.30903,1.30436,1.26069,1.85978,0.0052872,0.0052872,0.0052872,2,57
8,6614.63,1.14934,1.32348,1.53473,0.5115,0.5197,0.50867,0.31534,1.31844,1.2544,1.86911,0.0051684,0.0051684,0.0051684,2,58
9,7438.25,1.15838,1.32622,1.5402,0.49367,0.51832,0.51489,0.32265,1.32587,1.22218,1.87879,0.0050496,0.0050496,0.0050496,2,59
10,8262.3,1.15031,1.30068,1.52449,0.49157,0.53915,0.5138,0.32233,1.31259,1.21542,1.8639,0.0049308,0.0049308,0.0049308,2,60
11,9087.49,1.14184,1.27756,1.52141,0.55421,0.51735,0.52454,0.32345,1.32169,1.19518,1.86546,0.004812,0.004812,0.004812,2,61
12,9911.05,1.11944,1.26347,1.51129,0.54599,0.52568,0.5223,0.32765,1.3197,1.23485,1.86751,0.0046932,0.0046932,0.0046932,2,62
13,10734.6,1.12384,1.24717,1.51032,0.50036,0.53762,0.52277,0.32803,1.31655,1.20607,1.85952,0.0045744,0.0045744,0.0045744,2,63
14,11558.2,1.11991,1.23106,1.50218,0.51409,0.56614,0.52763,0.33297,1.3168,1.20108,1.8708,0.0044556,0.0044556,0.0044556,2,64
15,12381.3,1.11966,1.21451,1.50426,0.51848,0.5413,0.53469,0.33645,1.30995,1.18017,1.86392,0.0043368,0.0043368,0.0043368,2,65
16,13204.1,1.11297,1.22083,1.50249,0.47738,0.55304,0.52475,0.33211,1.32068,1.21246,1.88576,0.004218,0.004218,0.004218,2,66
17,14026.6,1.09493,1.18192,1.48336,0.55974,0.53589,0.5334,0.33292,1.32646,1.19595,1.88855,0.0040992,0.0040992,0.0040992,2,67
18,14851.3,1.09583,1.16461,1.48437,0.59374,0.52138,0.53959,0.34382,1.31225,1.17141,1.87542,0.0039804,0.0039804,0.0039804,2,68
19,15675.2,1.0872,1.15562,1.48155,0.58882,0.52385,0.54958,0.34911,1.31117,1.15347,1.87579,0.0038616,0.0038616,0.0038616,2,69
20,16499.0,1.07989,1.14235,1.4794,0.54178,0.55741,0.55271,0.35003,1.30963,1.17095,1.87252,0.0037428,0.0037428,0.0037428,2,70
21,17323.1,1.0617,1.11666,1.45925,0.52405,0.56363,0.54444,0.34198,1.3136,1.15415,1.88191,0.003624,0.003624,0.003624,2,71
22,18147.0,1.0579,1.0892,1.45375,0.57315,0.52853,0.54556,0.34673,1.31213,1.16382,1.87296,0.0035052,0.0035052,0.0035052,2,72
23,18971.3,1.0545,1.07976,1.45094,0.60205,0.51923,0.55281,0.34998,1.30513,1.14781,1.87557,0.0033864,0.0033864,0.0033864,2,73
24,19793.9,1.03967,1.0787,1.44247,0.57609,0.55089,0.55988,0.35372,1.31181,1.14314,1.88597,0.0032676,0.0032676,0.0032676,2,74
25,20617.5,1.04572,1.06159,1.4477,0.56796,0.54014,0.56594,0.35989,1.30826,1.14455,1.89058,0.0031488,0.0031488,0.0031488,2,75
26,21441.9,1.02996,1.04813,1.44234,0.56491,0.5588,0.5617,0.35444,1.31354,1.1656,1.89193,0.00303,0.00303,0.00303,2,76
27,22265.2,1.02713,1.04524,1.43076,0.58745,0.54732,0.57015,0.36038,1.3175,1.15574,1.90529,0.0029112,0.0029112,0.0029112,2,77
28,23090.0,1.00615,1.00589,1.41681,0.56074,0.57695,0.57329,0.36117,1.31423,1.14423,1.90107,0.0027924,0.0027924,0.0027924,2,78
29,23914.4,1.01188,1.00717,1.42506,0.59985,0.5433,0.56899,0.35882,1.32091,1.1579,1.91189,0.0026736,0.0026736,0.0026736,2,79
30,24738.3,1.00094,0.9873,1.40955,0.62941,0.53589,0.57749,0.36578,1.31595,1.14672,1.9071,0.0025548,0.0025548,0.0025548,2,80
31,25562.6,0.98795,0.96488,1.40313,0.56738,0.54805,0.56812,0.3561,1.32017,1.15415,1.9175,0.002436,0.002436,0.002436,2,81
32,26387.2,0.99007,0.95801,1.40298,0.58604,0.56003,0.57365,0.36204,1.31645,1.15142,1.92174,0.0023172,0.0023172,0.0023172,2,82
33,27211.8,0.97165,0.94672,1.39171,0.56411,0.56172,0.57263,0.36178,1.3231,1.15648,1.93769,0.0021984,0.0021984,0.0021984,2,83
34,28035.4,0.97124,0.94588,1.38955,0.6039,0.54066,0.57417,0.36372,1.32059,1.16395,1.93496,0.0020796,0.0020796,0.0020796,2,84
35,28859.0,0.95465,0.91573,1.3802,0.53248,0.59364,0.57507,0.36343,1.32224,1.15672,1.94136,0.0019608,0.0019608,0.0019608,2,85
36,29683.4,0.95332,0.91169,1.37622,0.58853,0.54845,0.57399,0.3615,1.32582,1.1654,1.94411,0.001842,0.001842,0.001842,2,86
37,30505.0,0.95039,0.90429,1.37104,0.60173,0.54731,0.57933,0.36589,1.32295,1.17274,1.95202,0.0017232,0.0017232,0.0017232,2,87
38,31328.3,0.9343,0.88115,1.35909,0.60973,0.5347,0.57881,0.36617,1.3257,1.17584,1.96082,0.0016044,0.0016044,0.0016044,2,88
39,32152.2,0.93026,0.87439,1.35666,0.59568,0.55284,0.57381,0.36129,1.33123,1.17515,1.9689,0.0014856,0.0014856,0.0014856,2,89
40,32974.9,0.92862,0.87603,1.35647,0.59881,0.55701,0.57487,0.36441,1.33079,1.17819,1.973,0.0013668,0.0013668,0.0013668,2,90
41,33797.1,0.79353,0.54624,1.33715,0.61628,0.53736,0.56879,0.35986,1.32622,1.20036,1.98488,0.001248,0.001248,0.001248,2,91
42,34619.2,0.76454,0.51478,1.31208,0.60406,0.53265,0.5709,0.35963,1.33074,1.21084,2.00316,0.0011292,0.0011292,0.0011292,2,92
43,35441.5,0.75664,0.51058,1.30559,0.58766,0.55028,0.57146,0.3592,1.33389,1.22324,2.01774,0.0010104,0.0010104,0.0010104,2,93
44,36263.6,0.73204,0.4971,1.28235,0.59942,0.54143,0.56989,0.35857,1.33485,1.22494,2.02863,0.0008916,0.0008916,0.0008916,2,94
45,37084.6,0.72933,0.48894,1.28612,0.63666,0.52524,0.56932,0.3582,1.33523,1.22332,2.04005,0.0007728,0.0007728,0.0007728,2,95
46,37905.7,0.70479,0.46759,1.26055,0.62289,0.54114,0.56913,0.3563,1.33454,1.23013,2.04804,0.000654,0.000654,0.000654,2,96
47,38727.2,0.69529,0.45911,1.24811,0.61184,0.54113,0.56855,0.35622,1.33732,1.23916,2.05654,0.0005352,0.0005352,0.0005352,2,97
48,39547.9,0.69423,0.46008,1.25364,0.62095,0.53154,0.56623,0.35572,1.33943,1.24665,2.06792,0.0004164,0.0004164,0.0004164,2,98
49,40368.8,0.67501,0.44531,1.23379,0.62398,0.52777,0.56713,0.35413,1.3405,1.25166,2.07392,0.0002976,0.0002976,0.0002976,2,99
50,41189.3,0.67416,0.43515,1.22731,0.62536,0.53173,0.56759,0.35435,1.34209,1.25762,2.08263,0.0001788,0.0001788,0.0001788,2,100
1,754.932,0.9118,0.85683,1.34403,0.53564,0.55896,0.55836,0.34993,1.35032,1.23478,2.00843,0.0680674,0.00133053,0.00133053,3,101
2,1506.95,0.91804,0.85816,1.35347,0.5623,0.53305,0.54917,0.34252,1.36053,1.25457,2.00886,0.0360146,0.00261112,0.00261112,3,102
3,2249.63,0.94182,0.90198,1.37175,0.57637,0.51507,0.53965,0.33551,1.36055,1.26315,2.00662,0.00390908,0.0038389,0.0038389,3,103
4,2991.87,0.96848,0.94275,1.38381,0.54802,0.55489,0.54226,0.33508,1.36264,1.27769,1.99405,0.0037624,0.0037624,0.0037624,3,104
5,3734.31,0.97075,0.95182,1.38782,0.55816,0.52873,0.54234,0.33489,1.36942,1.27064,1.97477,0.0036832,0.0036832,0.0036832,3,105
6,4477.72,0.97532,0.95362,1.39477,0.56568,0.53344,0.54827,0.34268,1.34906,1.25757,1.97492,0.003604,0.003604,0.003604,3,106
7,5220.85,0.97911,0.95417,1.39112,0.56346,0.52331,0.52961,0.32653,1.36426,1.3204,1.98739,0.0035248,0.0035248,0.0035248,3,107
8,5963.52,0.95524,0.934,1.38215,0.58054,0.54514,0.5403,0.33582,1.35491,1.28292,1.98014,0.0034456,0.0034456,0.0034456,3,108
9,6706.56,0.96591,0.94474,1.38572,0.54336,0.54837,0.54333,0.33388,1.36813,1.25832,2.01846,0.0033664,0.0033664,0.0033664,3,109
10,7449.37,0.96551,0.92745,1.37641,0.54776,0.54362,0.5444,0.34033,1.3511,1.2382,1.99363,0.0032872,0.0032872,0.0032872,3,110
11,8192.42,0.95336,0.90931,1.37147,0.62231,0.509,0.54882,0.33605,1.36711,1.24156,2.00086,0.003208,0.003208,0.003208,3,111
12,8934.79,0.93263,0.90262,1.36226,0.58686,0.52099,0.54654,0.34115,1.36627,1.24891,2.0097,0.0031288,0.0031288,0.0031288,3,112
13,9678.02,0.93186,0.89557,1.35997,0.55695,0.54974,0.55613,0.34766,1.3586,1.24745,2.00374,0.0030496,0.0030496,0.0030496,3,113
14,10421.4,0.92924,0.87648,1.35098,0.58346,0.51806,0.55045,0.34186,1.36518,1.2584,2.0127,0.0029704,0.0029704,0.0029704,3,114
15,11164.7,0.93253,0.87539,1.35964,0.56848,0.53578,0.55264,0.34671,1.34911,1.26451,2.01252,0.0028912,0.0028912,0.0028912,3,115
16,11907.8,0.92883,0.87759,1.35829,0.55488,0.56174,0.55228,0.34542,1.35203,1.2475,2.01621,0.002812,0.002812,0.002812,3,116
17,12650.7,0.91252,0.86249,1.34281,0.54997,0.55622,0.54731,0.33791,1.37313,1.2617,2.03971,0.0027328,0.0027328,0.0027328,3,117
18,13394.6,0.91255,0.84922,1.33962,0.56345,0.55647,0.55716,0.34774,1.35499,1.23248,2.02257,0.0026536,0.0026536,0.0026536,3,118
19,14138.6,0.90734,0.85353,1.34201,0.58391,0.55941,0.56553,0.3516,1.35585,1.22445,2.02993,0.0025744,0.0025744,0.0025744,3,119
20,14881.7,0.89949,0.84043,1.33852,0.55837,0.55557,0.56057,0.35079,1.35774,1.24569,2.02389,0.0024952,0.0024952,0.0024952,3,120
21,15625.4,0.8838,0.82241,1.31959,0.52495,0.58302,0.56233,0.3514,1.35194,1.24206,2.04071,0.002416,0.002416,0.002416,3,121
22,16369.8,0.87695,0.80174,1.31278,0.57408,0.56475,0.56227,0.34944,1.35749,1.24601,2.03674,0.0023368,0.0023368,0.0023368,3,122
23,17113.0,0.87591,0.80266,1.31397,0.57684,0.55531,0.55924,0.34653,1.35558,1.23909,2.038,0.0022576,0.0022576,0.0022576,3,123
24,17856.6,0.86542,0.80536,1.30812,0.6129,0.53635,0.5734,0.3554,1.35325,1.22279,2.04259,0.0021784,0.0021784,0.0021784,3,124
25,18600.3,0.86958,0.79564,1.31161,0.59419,0.54356,0.57295,0.35797,1.35618,1.23829,2.05697,0.0020992,0.0020992,0.0020992,3,125
26,19343.8,0.85445,0.78851,1.30518,0.58889,0.55467,0.56898,0.35402,1.3587,1.2426,2.06011,0.00202,0.00202,0.00202,3,126
27,20086.5,0.85208,0.77998,1.29627,0.58214,0.56887,0.57671,0.35987,1.35636,1.23618,2.07614,0.0019408,0.0019408,0.0019408,3,127
28,20830.5,0.83533,0.75759,1.2834,0.57941,0.54397,0.566,0.35199,1.35456,1.2429,2.07812,0.0018616,0.0018616,0.0018616,3,128
29,21574.0,0.843,0.7607,1.29318,0.57518,0.55545,0.56431,0.35212,1.36504,1.25921,2.09136,0.0017824,0.0017824,0.0017824,3,129
30,22316.9,0.83577,0.75034,1.28167,0.59375,0.5485,0.56517,0.35238,1.35758,1.25308,2.08281,0.0017032,0.0017032,0.0017032,3,130
31,23060.8,0.82327,0.73301,1.27664,0.57479,0.56258,0.57061,0.35491,1.35922,1.24721,2.09057,0.001624,0.001624,0.001624,3,131
32,23804.0,0.81952,0.7316,1.27431,0.59824,0.54873,0.56948,0.35018,1.36468,1.25634,2.11169,0.0015448,0.0015448,0.0015448,3,132
33,24546.9,0.81254,0.72439,1.2702,0.59931,0.55781,0.56892,0.35255,1.3659,1.26154,2.12264,0.0014656,0.0014656,0.0014656,3,133
34,25289.8,0.81209,0.73196,1.26728,0.59784,0.55906,0.57187,0.3526,1.36155,1.25048,2.11339,0.0013864,0.0013864,0.0013864,3,134
35,26033.1,0.79676,0.70561,1.26083,0.61029,0.5455,0.57241,0.35614,1.35892,1.25837,2.11168,0.0013072,0.0013072,0.0013072,3,135
36,26775.4,0.79861,0.70762,1.25783,0.59924,0.5475,0.57133,0.35367,1.36133,1.26209,2.12478,0.001228,0.001228,0.001228,3,136
37,27517.3,0.79719,0.70974,1.25515,0.58806,0.56269,0.57554,0.35737,1.36134,1.27512,2.13522,0.0011488,0.0011488,0.0011488,3,137
38,28259.2,0.79307,0.69814,1.25258,0.59835,0.55068,0.57395,0.35806,1.36333,1.27071,2.13562,0.0010696,0.0010696,0.0010696,3,138
39,29001.4,0.80561,0.7137,1.261,0.61176,0.54493,0.56964,0.35335,1.36379,1.27022,2.13421,0.0009904,0.0009904,0.0009904,3,139
40,29743.2,0.80306,0.71759,1.26141,0.60012,0.55547,0.56747,0.35234,1.3643,1.26691,2.13555,0.0009112,0.0009112,0.0009112,3,140
41,30483.3,0.6543,0.42128,1.2078,0.55941,0.57827,0.56667,0.3494,1.36081,1.28528,2.14837,0.000832,0.000832,0.000832,3,141
42,31221.9,0.62543,0.39685,1.18165,0.55909,0.58106,0.56689,0.34965,1.35911,1.29702,2.16486,0.0007528,0.0007528,0.0007528,3,142
43,31960.2,0.61193,0.38794,1.17061,0.57994,0.54863,0.56714,0.34917,1.36029,1.30502,2.17974,0.0006736,0.0006736,0.0006736,3,143
44,32698.3,0.59382,0.38058,1.15455,0.57588,0.55125,0.56429,0.34912,1.36129,1.3074,2.18839,0.0005944,0.0005944,0.0005944,3,144
45,33436.9,0.59311,0.38033,1.16075,0.58107,0.54913,0.56729,0.35181,1.36229,1.31028,2.19992,0.0005152,0.0005152,0.0005152,3,145
46,34175.2,0.56709,0.36143,1.13627,0.58519,0.55324,0.56719,0.35186,1.36266,1.30896,2.21147,0.000436,0.000436,0.000436,3,146
47,34913.4,0.57068,0.36281,1.13539,0.58125,0.56103,0.56557,0.35195,1.36455,1.31205,2.22037,0.0003568,0.0003568,0.0003568,3,147
48,35651.4,0.56882,0.36282,1.13617,0.59447,0.54227,0.56427,0.35063,1.3643,1.31671,2.2275,0.0002776,0.0002776,0.0002776,3,148
49,36389.4,0.5527,0.35092,1.12131,0.59214,0.54532,0.56369,0.35004,1.36405,1.31942,2.22982,0.0001984,0.0001984,0.0001984,3,149
50,37127.0,0.54977,0.34578,1.11706,0.5873,0.55027,0.56435,0.34967,1.36445,1.32328,2.23593,0.0001192,0.0001192,0.0001192,3,150
1,823.259,0.83611,0.75917,1.28627,0.56938,0.56773,0.57116,0.35528,1.36452,1.26222,2.09469,0.0672358,0.000498947,0.000498947,4,151
2,1640.29,0.80711,0.71776,1.26965,0.57312,0.56318,0.56872,0.35316,1.37086,1.26895,2.12059,0.0343827,0.000979168,0.000979168,4,152
3,2453.27,0.79384,0.70513,1.25925,0.54329,0.56033,0.55465,0.34545,1.37237,1.28982,2.13444,0.00150976,0.00143959,0.00143959,4,153
4,3265.75,0.79276,0.70164,1.25078,0.57221,0.56392,0.56112,0.34413,1.38668,1.28628,2.14952,0.0014109,0.0014109,0.0014109,4,154
5,4078.31,0.787,0.69862,1.24984,0.59131,0.53274,0.55346,0.34272,1.38234,1.31149,2.14467,0.0013812,0.0013812,0.0013812,4,155
6,4891.39,0.78857,0.69542,1.2535,0.58557,0.52818,0.55604,0.34296,1.36925,1.30343,2.12862,0.0013515,0.0013515,0.0013515,4,156
7,5704.4,0.78327,0.69152,1.24614,0.61448,0.52544,0.55602,0.34387,1.37064,1.30724,2.14008,0.0013218,0.0013218,0.0013218,4,157
8,6516.89,0.76776,0.68664,1.24209,0.6176,0.51732,0.55855,0.34203,1.38311,1.33794,2.16997,0.0012921,0.0012921,0.0012921,4,158
9,7329.35,0.77688,0.69238,1.24409,0.5933,0.53703,0.55589,0.34686,1.36777,1.31733,2.17396,0.0012624,0.0012624,0.0012624,4,159
10,8145.05,0.77341,0.68373,1.23455,0.59587,0.52964,0.56684,0.35089,1.36692,1.2825,2.15386,0.0012327,0.0012327,0.0012327,4,160
11,8958.81,0.76615,0.66378,1.23292,0.58868,0.53044,0.55824,0.34591,1.37668,1.30232,2.16284,0.001203,0.001203,0.001203,4,161
12,9772.06,0.7497,0.66546,1.22708,0.60463,0.52559,0.56128,0.34935,1.3778,1.30823,2.18178,0.0011733,0.0011733,0.0011733,4,162
13,10586.8,0.75067,0.66534,1.22558,0.58938,0.55743,0.56202,0.34817,1.38066,1.31778,2.17956,0.0011436,0.0011436,0.0011436,4,163
14,11401.6,0.7485,0.65527,1.22007,0.58949,0.53089,0.55586,0.34523,1.37716,1.32752,2.18106,0.0011139,0.0011139,0.0011139,4,164
15,12216.5,0.7492,0.65145,1.2257,0.56179,0.57888,0.55772,0.34587,1.37344,1.32382,2.1897,0.0010842,0.0010842,0.0010842,4,165
16,13032.1,0.74769,0.65516,1.22542,0.54961,0.57238,0.55233,0.34228,1.38429,1.32733,2.2043,0.0010545,0.0010545,0.0010545,4,166
17,13847.1,0.73766,0.64599,1.21533,0.58644,0.54514,0.55613,0.34305,1.38139,1.32878,2.19394,0.0010248,0.0010248,0.0010248,4,167
18,14661.5,0.74172,0.63965,1.21582,0.57354,0.56929,0.56235,0.34979,1.37613,1.32936,2.19057,0.0009951,0.0009951,0.0009951,4,168
19,15477.2,0.73289,0.64149,1.21355,0.56712,0.56857,0.5648,0.34864,1.37561,1.31965,2.19148,0.0009654,0.0009654,0.0009654,4,169
20,16292.4,0.73301,0.64299,1.21762,0.60967,0.52704,0.55793,0.34242,1.38074,1.33396,2.20638,0.0009357,0.0009357,0.0009357,4,170
21,17105.9,0.71461,0.62412,1.19801,0.54204,0.57979,0.55709,0.34541,1.38026,1.33059,2.21642,0.000906,0.000906,0.000906,4,171
22,17918.5,0.70938,0.61677,1.19208,0.55384,0.57565,0.56404,0.34822,1.3788,1.32659,2.20239,0.0008763,0.0008763,0.0008763,4,172
23,18731.5,0.71203,0.61627,1.19512,0.54519,0.57607,0.56088,0.34708,1.38041,1.35147,2.22094,0.0008466,0.0008466,0.0008466,4,173
24,19544.4,0.70338,0.62169,1.19129,0.59364,0.53512,0.56001,0.34627,1.37958,1.32962,2.22272,0.0008169,0.0008169,0.0008169,4,174
25,20357.7,0.71081,0.62074,1.19702,0.60264,0.53552,0.56311,0.3492,1.37544,1.3363,2.22515,0.0007872,0.0007872,0.0007872,4,175
26,21170.4,0.69543,0.61058,1.18988,0.60121,0.55102,0.56493,0.34753,1.38229,1.3418,2.24517,0.0007575,0.0007575,0.0007575,4,176
27,21981.9,0.70579,0.62006,1.19348,0.60251,0.54462,0.56138,0.34893,1.37499,1.34095,2.23165,0.0007278,0.0007278,0.0007278,4,177
28,22794.7,0.74503,0.65112,1.21707,0.592,0.554,0.56571,0.348,1.37514,1.31714,2.2039,0.0006981,0.0006981,0.0006981,4,178
29,23607.8,0.75355,0.65686,1.22596,0.6025,0.53839,0.56778,0.35068,1.37621,1.31459,2.20077,0.0006684,0.0006684,0.0006684,4,179
30,24420.8,0.74533,0.65158,1.21627,0.59757,0.55376,0.56369,0.34912,1.37334,1.31467,2.20766,0.0006387,0.0006387,0.0006387,4,180
31,25234.2,0.73536,0.63535,1.21173,0.56623,0.57519,0.56057,0.34687,1.37499,1.31449,2.2137,0.000609,0.000609,0.000609,4,181
32,26046.3,0.73605,0.64154,1.21258,0.59223,0.54921,0.56508,0.34786,1.3776,1.31743,2.21546,0.0005793,0.0005793,0.0005793,4,182
33,26859.7,0.73019,0.6379,1.20993,0.58299,0.55876,0.56685,0.34777,1.38048,1.32065,2.22527,0.0005496,0.0005496,0.0005496,4,183
34,27673.0,0.73445,0.64701,1.21065,0.58271,0.57421,0.56653,0.34884,1.37825,1.31887,2.2265,0.0005199,0.0005199,0.0005199,4,184
35,28486.7,0.72155,0.62727,1.20556,0.59218,0.56246,0.5677,0.34927,1.37842,1.3249,2.22092,0.0004902,0.0004902,0.0004902,4,185
36,29300.0,0.72723,0.63204,1.20702,0.57413,0.56974,0.5648,0.34854,1.37965,1.32473,2.22657,0.0004605,0.0004605,0.0004605,4,186
37,30114.3,0.72547,0.63251,1.204,0.59659,0.54447,0.56765,0.34971,1.37857,1.33312,2.23376,0.0004308,0.0004308,0.0004308,4,187
38,30928.2,0.72736,0.6294,1.20463,0.58841,0.55997,0.56443,0.35,1.38124,1.32934,2.23721,0.0004011,0.0004011,0.0004011,4,188
39,31742.3,0.73945,0.64512,1.21287,0.59416,0.54783,0.5641,0.34918,1.38175,1.32709,2.22944,0.0003714,0.0003714,0.0003714,4,189
40,32556.2,0.73771,0.64498,1.21321,0.5992,0.54217,0.56405,0.34837,1.37961,1.32118,2.22515,0.0003417,0.0003417,0.0003417,4,190
41,33368.8,0.58473,0.3701,1.14376,0.54776,0.57799,0.55923,0.34483,1.37767,1.34519,2.24822,0.000312,0.000312,0.000312,4,191
42,34179.3,0.5591,0.35145,1.12509,0.56173,0.56768,0.5573,0.34407,1.37632,1.35339,2.26105,0.0002823,0.0002823,0.0002823,4,192
43,34989.4,0.5519,0.34521,1.11661,0.57215,0.55118,0.55875,0.34503,1.37718,1.35746,2.26936,0.0002526,0.0002526,0.0002526,4,193
44,35800.8,0.53714,0.34152,1.10512,0.57921,0.55213,0.55919,0.34429,1.37827,1.35761,2.27646,0.0002229,0.0002229,0.0002229,4,194
45,36613.0,0.54162,0.34497,1.11633,0.58723,0.54757,0.55853,0.34432,1.37773,1.35752,2.28253,0.0001932,0.0001932,0.0001932,4,195
46,37425.4,0.52413,0.3321,1.09815,0.58005,0.55676,0.559,0.34494,1.3776,1.35842,2.28506,0.0001635,0.0001635,0.0001635,4,196
47,38238.1,0.53014,0.33559,1.0997,0.57968,0.55676,0.55943,0.34597,1.37772,1.36056,2.29036,0.0001338,0.0001338,0.0001338,4,197
48,39050.4,0.52889,0.3358,1.1023,0.59361,0.55453,0.55937,0.34603,1.37738,1.36047,2.29317,0.0001041,0.0001041,0.0001041,4,198
49,39861.7,0.52074,0.3285,1.09225,0.59465,0.55371,0.56036,0.34609,1.37807,1.36139,2.29658,7.44e-05,7.44e-05,7.44e-05,4,199
50,40674.1,0.52305,0.32704,1.09304,0.59613,0.55106,0.56114,0.34609,1.37874,1.36196,2.29795,4.47e-05,4.47e-05,4.47e-05,4,200
