epoch,time,train/box_loss,train/cls_loss,train/dfl_loss,metrics/precision(B),metrics/recall(B),metrics/mAP50(B),metrics/mAP50-95(B),val/box_loss,val/cls_loss,val/dfl_loss,lr/pg0,lr/pg1,lr/pg2
1,750.984,3.0633,5.59424,3.91889,0.4804,0.01179,0.00101,0.00029,2.70667,inf,3.57933,0.0700632,0.00332632,0.00332632
2,1479.78,2.09601,4.27852,2.75988,0.56108,0.07091,0.03224,0.01513,1.85261,3.4142,2.61805,0.0399313,0.00652779,0.00652779
3,2205.07,1.68883,3.72113,2.2416,0.63462,0.08223,0.05193,0.02501,1.74347,3.1977,2.40471,0.00966744,0.00959726,0.00959726
4,2929.27,1.58908,3.33553,2.07742,0.58885,0.10969,0.08247,0.0415,1.60038,2.74368,2.25554,0.009406,0.009406,0.009406
5,3654.31,1.51565,3.02464,1.97332,0.56566,0.15506,0.11354,0.0621,1.56393,2.59024,2.15998,0.009208,0.009208,0.009208
6,4377.86,1.4774,2.79851,1.90341,0.4971,0.18858,0.13211,0.07399,1.51693,2.41417,2.11167,0.00901,0.00901,0.00901
7,5102.26,1.45095,2.6287,1.8698,0.45851,0.20001,0.16871,0.09683,1.47817,2.26396,2.11699,0.008812,0.008812,0.008812
8,5826.38,1.41759,2.50419,1.83762,0.48601,0.23197,0.22649,0.1291,1.45877,2.02967,2.02974,0.008614,0.008614,0.008614
9,6550.39,1.41428,2.41238,1.81893,0.48753,0.26537,0.25282,0.1488,1.41249,1.90444,1.98421,0.008416,0.008416,0.008416
10,7275.03,1.39413,2.31441,1.79439,0.46978,0.32774,0.25482,0.14874,1.41436,1.89844,2.00491,0.008218,0.008218,0.008218
11,8000.25,1.38334,2.22594,1.77189,0.4642,0.30349,0.27761,0.16491,1.36714,1.78551,1.94182,0.00802,0.00802,0.00802
12,8725.95,1.35318,2.15826,1.75304,0.47237,0.34303,0.30708,0.18397,1.36457,1.73536,1.93591,0.007822,0.007822,0.007822
13,9450.81,1.34497,2.09232,1.74154,0.46991,0.35686,0.30678,0.18316,1.34685,1.70327,1.91693,0.007624,0.007624,0.007624
14,10175,1.34081,2.03401,1.7218,0.48671,0.38388,0.36348,0.22326,1.31994,1.59904,1.89322,0.007426,0.007426,0.007426
15,10899.7,1.33704,2.00015,1.71831,0.44316,0.38029,0.36181,0.21696,1.33505,1.56568,1.8996,0.007228,0.007228,0.007228
16,11624,1.32513,1.97837,1.71128,0.43355,0.41361,0.37069,0.22168,1.33583,1.55195,1.90379,0.00703,0.00703,0.00703
17,12347.8,1.31212,1.90211,1.69276,0.40701,0.43259,0.38694,0.23503,1.3334,1.49134,1.90083,0.006832,0.006832,0.006832
18,13073,1.30998,1.84484,1.69009,0.45297,0.4401,0.41188,0.25085,1.31578,1.45289,1.87905,0.006634,0.006634,0.006634
19,13797.8,1.29826,1.82638,1.68175,0.51913,0.41732,0.42412,0.2604,1.32004,1.43887,1.89047,0.006436,0.006436,0.006436
20,14522.9,1.29119,1.80884,1.68119,0.44395,0.46919,0.43499,0.26352,1.30451,1.38647,1.85975,0.006238,0.006238,0.006238
21,15247.1,1.27673,1.76788,1.65854,0.42764,0.47682,0.42607,0.26571,1.30709,1.35222,1.86244,0.00604,0.00604,0.00604
22,15971.4,1.27154,1.70865,1.6491,0.48053,0.46709,0.44259,0.27508,1.29832,1.33784,1.84616,0.005842,0.005842,0.005842
23,16696.6,1.26571,1.68845,1.64705,0.46989,0.48048,0.46087,0.28866,1.28069,1.32336,1.84849,0.005644,0.005644,0.005644
24,17421.2,1.25128,1.6742,1.63642,0.48829,0.50707,0.47668,0.29894,1.28484,1.2957,1.83572,0.005446,0.005446,0.005446
25,18147.1,1.25811,1.63832,1.64434,0.47686,0.49977,0.48546,0.30582,1.2874,1.27416,1.84671,0.005248,0.005248,0.005248
26,18871.6,1.23999,1.62273,1.63315,0.43249,0.53597,0.48673,0.30875,1.27659,1.25433,1.84266,0.00505,0.00505,0.00505
27,19597.4,1.24057,1.60219,1.62244,0.52372,0.48348,0.49001,0.30983,1.2793,1.23237,1.84308,0.004852,0.004852,0.004852
28,20323.5,1.21899,1.53331,1.6039,0.47627,0.52471,0.49558,0.31201,1.2719,1.22214,1.8319,0.004654,0.004654,0.004654
29,21049.7,1.2238,1.53509,1.61429,0.49955,0.52685,0.49992,0.31416,1.27109,1.20964,1.82039,0.004456,0.004456,0.004456
30,21774.5,1.21611,1.50124,1.60228,0.49786,0.52554,0.5091,0.32289,1.26383,1.19305,1.82456,0.004258,0.004258,0.004258
31,22500.1,1.20115,1.45185,1.59037,0.49223,0.55746,0.51781,0.32857,1.26485,1.18054,1.82286,0.00406,0.00406,0.00406
32,23225.4,1.20867,1.46241,1.59534,0.49221,0.55592,0.52475,0.33255,1.27161,1.17697,1.82811,0.003862,0.003862,0.003862
33,23951.8,1.18863,1.43245,1.57877,0.4629,0.57955,0.52399,0.33369,1.2637,1.1535,1.82411,0.003664,0.003664,0.003664
34,24676.7,1.19142,1.42697,1.58119,0.49967,0.5576,0.52945,0.33807,1.2615,1.15215,1.81958,0.003466,0.003466,0.003466
35,25402.3,1.17059,1.38896,1.56658,0.50588,0.54319,0.52482,0.33679,1.26523,1.14969,1.81912,0.003268,0.003268,0.003268
36,26127.7,1.16999,1.35756,1.5612,0.50963,0.52934,0.52954,0.34023,1.26272,1.14145,1.81924,0.00307,0.00307,0.00307
37,26852.6,1.1698,1.36123,1.56104,0.49053,0.56582,0.53399,0.34074,1.26364,1.13179,1.8237,0.002872,0.002872,0.002872
38,27577.3,1.14887,1.31292,1.54237,0.51691,0.53838,0.52668,0.33775,1.26319,1.12662,1.82415,0.002674,0.002674,0.002674
39,28302.1,1.13871,1.29923,1.5396,0.53734,0.51829,0.53368,0.34284,1.26809,1.13189,1.83086,0.002476,0.002476,0.002476
40,29026.2,1.13526,1.28888,1.53843,0.49908,0.56522,0.54135,0.34696,1.26312,1.1217,1.82907,0.002278,0.002278,0.002278
41,29747.8,1.06673,0.95306,1.60179,0.48483,0.57939,0.54369,0.34958,1.25965,1.11841,1.82385,0.00208,0.00208,0.00208
42,30469.5,1.04482,0.89801,1.58426,0.49215,0.56128,0.54102,0.34574,1.26824,1.1226,1.83426,0.001882,0.001882,0.001882
43,31190,1.02706,0.87589,1.56722,0.50166,0.56348,0.54263,0.34648,1.27228,1.12252,1.8398,0.001684,0.001684,0.001684
44,31910.1,0.99734,0.85158,1.53992,0.52793,0.53368,0.54269,0.34628,1.2746,1.1206,1.84442,0.001486,0.001486,0.001486
45,32630.1,0.9895,0.82601,1.53854,0.53503,0.54287,0.54807,0.3499,1.27997,1.12437,1.85339,0.001288,0.001288,0.001288
46,33350.3,0.95224,0.78776,1.5001,0.51055,0.55352,0.54737,0.35,1.2809,1.12936,1.85861,0.00109,0.00109,0.00109
47,34072.5,0.94575,0.7682,1.48742,0.53602,0.54852,0.54696,0.34885,1.28379,1.13386,1.86605,0.000892,0.000892,0.000892
48,34793.7,0.94105,0.75616,1.48792,0.54286,0.53983,0.54741,0.3491,1.28704,1.13865,1.87436,0.000694,0.000694,0.000694
49,35515,0.91435,0.7353,1.47063,0.56064,0.52451,0.54574,0.34823,1.28979,1.14304,1.88141,0.000496,0.000496,0.000496
50,36237.8,0.90759,0.7185,1.45671,0.55448,0.52019,0.544,0.34704,1.2935,1.14867,1.88925,0.000298,0.000298,0.000298
